event_id,prob_12h,prob_24h,prob_48h,prob_72h
10662602,0.9090099696009541,0.8396197628910097,0.8253068479583046,0.7084243285452385
13353600,0.594216140190693,0.41036999944442315,0.37025139273547125,0.30035401422277785
13942327,0.9157329853622825,0.8503136267842544,0.8253711946195551,0.7087289604114804
16112781,0.5757231951197184,0.3933878820582267,0.35268093194451594,0.28587693617057025
17132808,0.5656362091653624,0.5504918983999637,0.5465988674710213,0.5344693225886645
17445696,0.9618147716345286,0.9450271137214138,0.9429511264158321,0.9154200891357782
17599982,0.9087183029342876,0.8441236546906445,0.8273690730912726,0.7120278333479694
18750374,0.6248988336166059,0.45914076840704704,0.41221349716234285,0.32917976850164793
21365245,0.9594840424759704,0.9393707775577589,0.9229408615386825,0.9025754109267682
23634840,0.6132088685099938,0.41685383742734117,0.36905787868088763,0.2871550164953889
24461897,0.9307322437191651,0.8879621922774179,0.8787036003060383,0.8272475630259842
25353357,0.928001660852308,0.8820762961251596,0.8788734327238771,0.8317334356001095
27052376,0.43006929662435434,0.35446727634687525,0.33684718448191253,0.3169818758310115
29312582,0.9515497385080403,0.9201749405002667,0.9184609441449115,0.880831761322749
30451420,0.9578270766965546,0.9455276261529356,0.9180832070432828,0.9021792023122405
31488932,0.9586759868757396,0.933130263061369,0.9218305479435303,0.851816083272154
33717208,0.9002948349254514,0.839796389997229,0.8221659316013045,0.6885406397388099
34826241,0.8997310453250259,0.8314714361359121,0.8175183251247755,0.6860785324036622
35311039,0.32359095946746186,0.2851005179087663,0.27565308144949585,0.2610305957544503
36423390,0.8943828810462341,0.8240975645291795,0.8097803078597795,0.682465801616894
37196135,0.5944761847248605,0.43646054727819084,0.3788138542869618,0.3220505793733964
37355453,0.9672775339886863,0.9447393485484123,0.9314962678652974,0.8915351782139629
37536067,0.621785831116646,0.46797052832901825,0.4140075899975363,0.3638223372732846
39717591,0.9469960726575544,0.9173124267985984,0.9124918377781441,0.8764716509059476
40833127,0.9513683107017639,0.919639029324967,0.9179250329696117,0.8806969196661659
41907240,0.5996538564830509,0.43809171325458146,0.3801815490963645,0.3142547956859873
42963675,0.9612706744332163,0.9361300018303096,0.9295620148009508,0.8911600080420325
42997746,0.5427841351491512,0.5230574194750699,0.5223420395816262,0.509781405826992
43341281,0.9599797133989386,0.9418061863419506,0.9286879260936025,0.90489924122788
43371713,0.6203923116089842,0.4120675820847943,0.35620518208503754,0.19905768606509475
44872967,0.586702411566243,0.3599007364532217,0.31705514317615385,0.13817130959551857
46574754,0.7566303123952879,0.652842068984754,0.6107135464026701,0.5513754138486412
46767506,0.6035691656439974,0.42552480836780743,0.38146974704138925,0.30235321266063364
49169401,0.9636556644795862,0.949989136568865,0.9298539601038937,0.9099709656323302
49502022,0.9323644963116077,0.8978019660729428,0.8914985980903586,0.8557967866714953
49565135,0.40155808190616055,0.31231227443031473,0.29140647515343493,0.25721738069825933
50233410,0.6410960602299827,0.4971120609052571,0.4249971618737049,0.38027234849860114
50541231,0.6662600787425962,0.6228660012806677,0.6195261983538917,0.5895674364617686
51664538,0.9563013826013281,0.9292597021871866,0.9242356255118592,0.8886590742686442
52004768,0.9604184979920269,0.9398300089852998,0.9341235069735551,0.9182195022425127
52039660,0.9686591524805445,0.946162493571719,0.9416996704576451,0.8875575220664801
52614032,0.9365953629602488,0.8968134490167126,0.885762501836464,0.8231059067198312
53407288,0.9232347252329138,0.8870619532662423,0.8833508331119663,0.8449200354574603
53799231,0.9477694663434622,0.9099957649941175,0.9082817686387621,0.8373548825394846
54348573,0.9438605326429717,0.9093715987215653,0.906080245830852,0.8721934154230209
54459140,0.9592614774290689,0.9397378110577301,0.9156047849273058,0.8952393343153915
54759639,0.9468972379963312,0.9245854470726229,0.9050646301983706,0.877556322443599
54801108,0.49015162155612285,0.38722501681290994,0.37233701244426753,0.3114699162206902
55504460,0.5092950806018646,0.42272953355972737,0.41081448113698377,0.3852023198543695
58802003,0.6852978460812732,0.6501552475543311,0.6495283195994931,0.6333401784057344
58854430,0.6462482968353223,0.6087123804896847,0.607997000596241,0.5811053302311585
59191113,0.9512278526142601,0.9168867091076713,0.9136192102771571,0.8426923241778796
59221605,0.6007123888479712,0.401661663395143,0.36248383093826214,0.28062450410108863
60804856,0.4572084042476165,0.38087671288485436,0.36355596296678816,0.3401767770208577
61713947,0.9478953967775654,0.9296884336579749,0.9185182678256723,0.8909872305456183
62129708,0.4879865792228919,0.386600698471306,0.37228881346937703,0.3230148840529358
66849621,0.4549058094859288,0.3363344986800481,0.30293951023190324,0.24532545349785778
67124529,0.9560312795947836,0.9358764948714307,0.9324343840379608,0.912788026892587
69348035,0.9332395339696916,0.9020524071494497,0.8972963379694275,0.8589387301969349
69572379,0.9522437386443734,0.9232567934896341,0.9217766941601744,0.8797148158212582
69836438,0.9607475534711564,0.9423944276216019,0.9337874560260845,0.9141410988807105
70283101,0.48705968685952344,0.3601243873717662,0.3433911989780763,0.2684857905892261
70501603,0.5869213829397717,0.38490405787062154,0.33737630047169326,0.24828465639385228
70993222,0.9597382410126675,0.938640566767354,0.9340580159269559,0.89988081772272
71474230,0.6124090319086866,0.41049046850352333,0.3649695097570698,0.28578680581030513
71532972,0.7046760364369475,0.6593550552872791,0.6530443763328987,0.6212696921020167
72973561,0.9584549417663567,0.9392890586495541,0.9216035407820953,0.9019571836367212
73023698,0.9116278759320957,0.8510990257429762,0.8292792439458782,0.7165799908288755
74751606,0.9472326636071497,0.9149054512239365,0.8975865565113442,0.8550972098302807
74945408,0.5882099147763037,0.3714327008230378,0.3221701122658246,0.13482944775286818
75012237,0.49284641662487644,0.38087288266673963,0.36896544104751494,0.30803723501955743
75726601,0.9633024055126275,0.9382061084844189,0.9296511123225034,0.8978301421740333
78173856,0.9632533493655062,0.9510304045238585,0.9289309809204472,0.9074889035564675
78227688,0.9324664087315202,0.9050299766378036,0.8585727309692388,0.8386897364976753
78266693,0.9644867162000591,0.9463833761067453,0.9385319764487874,0.9070988471386202
78502343,0.9312744126883947,0.883474988469712,0.8676050547522184,0.7262847998245605
78780565,0.9541790936631861,0.9285939921735175,0.9216240861347407,0.8810255787087334
80446138,0.7173933154163638,0.687293195648308,0.6800067975168473,0.6545048683156054
80819726,0.9667107949805681,0.9454543759220606,0.932203532050889,0.8985489692060813
81010506,0.949298266263184,0.931511694929427,0.9232578414666428,0.9073538367356002
81611002,0.9615163871384119,0.9456569303937775,0.9364669923740991,0.9168206352287253
81715663,0.582715312358543,0.36727098484758114,0.3275000799688286,0.22886044939176264
82779392,0.9507081813153516,0.9195784155152998,0.915351586972405,0.8845749983699409
83261710,0.9601141012567617,0.9419643829864873,0.932951421118913,0.9054203838388591
84903193,0.899976368441192,0.8320037269941655,0.818050615983029,0.6854419920930843
87245976,0.9421335991980578,0.9055803464489139,0.9026146778527558,0.8301465120837157
87273546,0.5121359969572452,0.4980469375301032,0.4976539066011608,0.4855243617188041
89909836,0.9470860404967695,0.922922674692073,0.9132311862993228,0.8857228785445515
91234126,0.5794943279093127,0.5560060889590188,0.5539036563206747,0.5276917902507335
93027270,0.5732964373939635,0.3801245766415754,0.3379423846902388,0.26316760363002795
94627327,0.6795380157936723,0.642001801485908,0.64137487353107,0.6184955558667232
96570675,0.9520176546498695,0.9213105323759483,0.9186408596323905,0.8814127463289446
97225766,0.9277959743702501,0.8877692960050162,0.8853071733444743,0.8453350960202056
98446281,0.7090807703995872,0.6582247551311688,0.6537680075906862,0.6025060590223454
99649465,0.9152367543703339,0.8570952528098614,0.8417881313517745,0.7193349672795978
